Workbook

Sheet Catálogo
A1: Tipo de tarea | B1: Descripción genérica | C1: Estimación sugerida (h) | D1: Criterio de done | E1: Tests asociados | F1: Labels Jira sugeridos
A2: Crear endpoint interno GET | B2: Implementar endpoint HTTP bajo /api/internal/** que retorna datos en formato JSON según contrato definido en el plan (sección 9). | D2: Endpoint responde con JSON correcto, validado contra el contrato. Test de integración 200/404 verde. | E2: Test de endpoint interno + Test de contrato JSON | F2: endpoint-interno, fase-1
A3: Crear endpoint interno POST/PATCH | B3: Implementar endpoint HTTP con body request que muta estado (crear/actualizar recurso) en el servicio dueño. | D3: Endpoint responde 201/200 con JSON correcto. Validación de body y manejo de errores según formato estándar (sección 10). | E3: Test de integración HTTP (happy path + error 409/422) | F3: endpoint-interno, fase-1
A4: Reemplazar adapter SQL → HTTP | B4: Cambiar la implementación de un port (interface hexagonal) que hoy consulta Supabase REST directo, por un HTTP client que llama al endpoint interno del servicio dueño. La firma del port NO cambia. | D4: Adapter nuevo implementa el port. Tests del use case pasan. No quedan referencias al adapter viejo. | E4: Test unitario del use case + Test de integración del HTTP client (mock o WireMock) | F4: adapter, fase-2
A5: Crear esquema SQL independiente | B5: Definir el DDL de las tablas propias del servicio en un script SQL versionado. Cada tabla es propiedad exclusiva del servicio. | D5: Script SQL ejecutable contra la BD del servicio. Sin referencias a tablas de otros servicios. | E5: — | F5: bd, fase-3
A6: Crear script de seed | B6: Generar script que popula la BD del servicio con datos demo realistas para desarrollo y tests. | D6: Script ejecutable idempotente. Datos suficientes para probar el flujo end-to-end. | E6: — | F6: seed, fase-3
A7: Configurar nueva conexión BD | B7: Actualizar application.yml / .env del servicio para apuntar a su propia base de datos (SUPABASE_URL, SUPABASE_SERVICE_ROLE_KEY propios). | D7: Servicio levanta sin error de conexión. Queries a tablas propias funcionan. | E7: — | F7: config, fase-3
A8: Configurar URLs servicios internos | B8: Definir variables de entorno con las URLs de los servicios que este servicio consume (AUTH_SERVICE_URL, CATALOG_SERVICE_URL, etc.) en application.yml. | D8: Servicio resuelve las URLs de sus dependencias. HTTP clients inyectan correctamente. | E8: — | F8: config, fase-2
A9: Configurar InternalApiKeyFilter | B9: Implementar filtro HTTP que valida el header X-Internal-Api-Key en todos los endpoints bajo /api/internal/**. Si el header no coincide, responde 403. | D9: Endpoints internos rechazan requests sin X-Internal-Api-Key válido. Endpoints públicos NO se ven afectados. | E9: Test del filtro (200 con key válida, 403 sin key) | F9: config, fase-1
A10: Test unitario de dominio | B10: Test que cubre la lógica de un use case o entidad de dominio sin tocar infraestructura (sin Spring, sin BD, sin HTTP). | D10: Test pasa. Cubre caso feliz + casos de error relevantes (excepciones de dominio). | E10: — | F10: test
A11: Test de integración HTTP client | B11: Test que valida que un HTTP client (hacia otro servicio) envía el request correcto, parsea la respuesta, y maneja errores del servicio dependiente (caído, timeout, 404). | D11: Test pasa con MockRestServiceServer o WireMock. Cubre happy path + al menos un escenario de fallo. | E11: — | F11: test
A12: Test de endpoint interno | B12: Test que valida un endpoint interno propio: request, respuesta esperada, status code. Usa MockMvc. | D12: Test pasa. Cubre 200 con datos y al menos un caso de error (404 o 400). | E12: — | F12: test
A13: Test de contrato JSON | B13: Test que verifica que el JSON de respuesta de un endpoint interno tiene EXACTAMENTE los campos que los servicios consumidores esperan (nombres, tipos, nullabilidad). | D13: Test asserts sobre los nombres y tipos de cada campo del JSON. | E13: — | F13: test, contrato

Sheet Mi estimación
A1: ID | B1: Fase | C1: Servicio | D1: Responsable | E1: Tipo de tarea | F1: Título (resumen Jira) | G1: Descripción estándar | H1: Descripción específica (completar) | I1: Estimación (h) | J1: Dependencias | K1: Tests requeridos | L1: Estado | M1: Jira Key | N1: URL Jira | O1: Labels Jira sugeridos | P1: Fecha inicio | Q1: Fecha fin | R1: Horas reales
A2: 1 | B2: 1 | C2: Auth | D2: Nicolás | E2: Crear endpoint interno GET | F2: Crear GET /api/internal/users/{userId} | G2: =IFERROR(VLOOKUP(E2,Catálogo!A:B,2,FALSE),"") -> Implementar endpoint HTTP bajo /api/internal/** que retorna datos en formato JSON según contrato definido en el plan (sección 9). | J2: — | K2: Test de endpoint interno + Test de contrato JSON | L2: Pendiente | O2: auth-service, fase-1, endpoint-interno
A3: 2 | B3: 1 | C3: Auth | D3: Nicolás | E3: Crear endpoint interno GET | F3: Crear GET /api/internal/users/{userId}/roles | G3: =IFERROR(VLOOKUP(E3,Catálogo!A:B,2,FALSE),"") -> Implementar endpoint HTTP bajo /api/internal/** que retorna datos en formato JSON según contrato definido en el plan (sección 9). | J3: — | K3: Test de endpoint interno | L3: Pendiente | O3: auth-service, fase-1, endpoint-interno
A4: 3 | B4: 1 | C4: Auth | D4: Nicolás | E4: Configurar InternalApiKeyFilter | F4: Configurar filtro X-Internal-Api-Key en Auth | G4: =IFERROR(VLOOKUP(E4,Catálogo!A:B,2,FALSE),"") -> Implementar filtro HTTP que valida el header X-Internal-Api-Key en todos los endpoints bajo /api/internal/**. Si el header no coincide, responde 403. | J4: — | K4: Test del filtro | L4: Pendiente | O4: auth-service, fase-1, config
A5: 4 | B5: 1 | C5: Auth | D5: Nicolás | E5: Test unitario de dominio | F5: RegisterUserTest — email válido | G5: =IFERROR(VLOOKUP(E5,Catálogo!A:B,2,FALSE),"") -> Test que cubre la lógica de un use case o entidad de dominio sin tocar infraestructura (sin Spring, sin BD, sin HTTP). | J5: — | K5: — | L5: Pendiente | O5: auth-service, fase-1, test
A6: 5 | B6: 1 | C6: Auth | D6: Nicolás | E6: Test unitario de dominio | F6: RegisterUserTest — email duplicado | G6: =IFERROR(VLOOKUP(E6,Catálogo!A:B,2,FALSE),"") -> Test que cubre la lógica de un use case o entidad de dominio sin tocar infraestructura (sin Spring, sin BD, sin HTTP). | J6: — | K6: — | L6: Pendiente | O6: auth-service, fase-1, test
A7: 6 | B7: 1 | C7: Auth | D7: Nicolás | E7: Test unitario de dominio | F7: RegisterUserTest — password débil | G7: =IFERROR(VLOOKUP(E7,Catálogo!A:B,2,FALSE),"") -> Test que cubre la lógica de un use case o entidad de dominio sin tocar infraestructura (sin Spring, sin BD, sin HTTP). | J7: — | K7: — | L7: Pendiente | O7: auth-service, fase-1, test
A8: 7 | B8: 1 | C8: Auth | D8: Nicolás | E8: Test unitario de dominio | F8: AuthenticateUserTest — credenciales válidas | G8: =IFERROR(VLOOKUP(E8,Catálogo!A:B,2,FALSE),"") -> Test que cubre la lógica de un use case o entidad de dominio sin tocar infraestructura (sin Spring, sin BD, sin HTTP). | J8: — | K8: — | L8: Pendiente | O8: auth-service, fase-1, test
A9: 8 | B9: 1 | C9: Auth | D9: Nicolás | E9: Test unitario de dominio | F9: AuthenticateUserTest — credenciales inválidas | G9: =IFERROR(VLOOKUP(E9,Catálogo!A:B,2,FALSE),"") -> Test que cubre la lógica de un use case o entidad de dominio sin tocar infraestructura (sin Spring, sin BD, sin HTTP). | J9: — | K9: — | L9: Pendiente | O9: auth-service, fase-1, test
A10: 9 | B10: 1 | C10: Auth | D10: Nicolás | E10: Test unitario de dominio | F10: RefreshTokenTest — token válido | G10: =IFERROR(VLOOKUP(E10,Catálogo!A:B,2,FALSE),"") -> Test que cubre la lógica de un use case o entidad de dominio sin tocar infraestructura (sin Spring, sin BD, sin HTTP). | J10: — | K10: — | L10: Pendiente | O10: auth-service, fase-1, test
A11: 10 | B11: 1 | C11: Auth | D11: Nicolás | E11: Test unitario de dominio | F11: RefreshTokenTest — token expirado | G11: =IFERROR(VLOOKUP(E11,Catálogo!A:B,2,FALSE),"") -> Test que cubre la lógica de un use case o entidad de dominio sin tocar infraestructura (sin Spring, sin BD, sin HTTP). | J11: — | K11: — | L11: Pendiente | O11: auth-service, fase-1, test
A12: 11 | B12: 1 | C12: Auth | D12: Nicolás | E12: Test de endpoint interno | F12: GET /api/internal/users/{id} — 200 con datos | G12: =IFERROR(VLOOKUP(E12,Catálogo!A:B,2,FALSE),"") -> Test que valida un endpoint interno propio: request, respuesta esperada, status code. Usa MockMvc. | J12: — | K12: — | L12: Pendiente | O12: auth-service, fase-1, test
A13: 12 | B13: 1 | C13: Auth | D13: Nicolás | E13: Test de endpoint interno | F13: GET /api/internal/users/{id} — 404 | G13: =IFERROR(VLOOKUP(E13,Catálogo!A:B,2,FALSE),"") -> Test que valida un endpoint interno propio: request, respuesta esperada, status code. Usa MockMvc. | J13: — | K13: — | L13: Pendiente | O13: auth-service, fase-1, test
... A89: 88 | B89: 4 | C89: Todos | D89: Todos | E89: Test de integración HTTP client | F89: Test e2e del flujo completo (Fase 4) | G89: =IFERROR(VLOOKUP(E89,Catálogo!A:B,2,FALSE),"") -> Test que valida que un HTTP client (hacia otro servicio) envía el request correcto, parsea la respuesta, y maneja errores del servicio dependiente (caído, timeout, 404). | J89: Fases 1+2+3 completas | K89: — | L89: Pendiente | O89: fase-4, e2e, shared

Sheet Resumen
A1: Resumen de estimación — Migración FlashDrop Backend
A3: Por servicio
A4: Servicio | B4: Items | C4: Horas estimadas | D4: Horas reales
A5: Auth | B5: =COUNTIF('Mi estimación'!C:C,A5) -> 18 | C5: =SUMIFS('Mi estimación'!I:I,'Mi estimación'!C:C,A5) -> 0 | D5: =SUMIFS('Mi estimación'!R:R,'Mi estimación'!C:C,A5) -> 0
A6: Catalog | B6: =COUNTIF('Mi estimación'!C:C,A6) -> 21 | C6: =SUMIFS('Mi estimación'!I:I,'Mi estimación'!C:C,A6) -> 0 | D6: =SUMIFS('Mi estimación'!R:R,'Mi estimación'!C:C,A6) -> 0
A7: Orders | B7: =COUNTIF('Mi estimación'!C:C,A7) -> 24 | C7: =SUMIFS('Mi estimación'!I:I,'Mi estimación'!C:C,A7) -> 0 | D7: =SUMIFS('Mi estimación'!R:R,'Mi estimación'!C:C,A7) -> 0
A8: Delivery | B8: =COUNTIF('Mi estimación'!C:C,A8) -> 24 | C8: =SUMIFS('Mi estimación'!I:I,'Mi estimación'!C:C,A8) -> 0 | D8: =SUMIFS('Mi estimación'!R:R,'Mi estimación'!C:C,A8) -> 0
A9: Todos | B9: =COUNTIF('Mi estimación'!C:C,A9) -> 1 | C9: =SUMIFS('Mi estimación'!I:I,'Mi estimación'!C:C,A9) -> 0 | D9: =SUMIFS('Mi estimación'!R:R,'Mi estimación'!C:C,A9) -> 0
A10: Total | B10: =SUM(B5:B9) -> 88 | C10: =SUM(C5:C9) -> 0 | D10: =SUM(D5:D9) -> 0
A13: Por fase
A14: Fase | B14: Items | C14: Horas estimadas | D14: Horas reales
A15: 1 | B15: =COUNTIF('Mi estimación'!B:B,A15) -> 47 | C15: =SUMIFS('Mi estimación'!I:I,'Mi estimación'!B:B,A15) -> 0 | D15: =SUMIFS('Mi estimación'!R:R,'Mi estimación'!B:B,A15) -> 0
A16: 2 | B16: =COUNTIF('Mi estimación'!B:B,A16) -> 28 | C16: =SUMIFS('Mi estimación'!I:I,'Mi estimación'!B:B,A16) -> 0 | D16: =SUMIFS('Mi estimación'!R:R,'Mi estimación'!B:B,A16) -> 0
A17: 3 | B17: =COUNTIF('Mi estimación'!B:B,A17) -> 12 | C17: =SUMIFS('Mi estimación'!I:I,'Mi estimación'!B:B,A17) -> 0 | D17: =SUMIFS('Mi estimación'!R:R,'Mi estimación'!B:B,A17) -> 0
A18: 4 | B18: =COUNTIF('Mi estimación'!B:B,A18) -> 1 | C18: =SUMIFS('Mi estimación'!I:I,'Mi estimación'!B:B,A18) -> 0 | D18: =SUMIFS('Mi estimación'!R:R,'Mi estimación'!B:B,A18) -> 0
A20: Por responsable
A21: Responsable | B21: Items | C21: Horas estimadas | D21: Horas reales
A22: Nicolás | B22: =COUNTIF('Mi estimación'!D:D,A22) -> 18 | C22: =SUMIFS('Mi estimación'!I:I,'Mi estimación'!D:D,A22) -> 0 | D22: =SUMIFS('Mi estimación'!R:R,'Mi estimación'!D:D,A22) -> 0
A23: Javier | B23: =COUNTIF('Mi estimación'!D:D,A23) -> 21 | C23: =SUMIFS('Mi estimación'!I:I,'Mi estimación'!D:D,A23) -> 0 | D23: =SUMIFS('Mi estimación'!R:R,'Mi estimación'!D:D,A23) -> 0
A24: Felipe | B24: =COUNTIF('Mi estimación'!D:D,A24) -> 24 | C24: =SUMIFS('Mi estimación'!I:I,'Mi estimación'!D:D,A24) -> 0 | D24: =SUMIFS('Mi estimación'!R:R,'Mi estimación'!D:D,A24) -> 0
A25: Sebastián | B25: =COUNTIF('Mi estimación'!D:D,A25) -> 24 | C25: =SUMIFS('Mi estimación'!I:I,'Mi estimación'!D:D,A25) -> 0 | D25: =SUMIFS('Mi estimación'!R:R,'Mi estimación'!D:D,A25) -> 0
A26: Todos | B26: =COUNTIF('Mi estimación'!D:D,A26) -> 1 | C26: =SUMIFS('Mi estimación'!I:I,'Mi estimación'!D:D,A26) -> 0 | D26: =SUMIFS('Mi estimación'!R:R,'Mi estimación'!D:D,A26) -> 0
A28: Por tipo de tarea
A29: Tipo | B29: Items | C29: Horas estimadas | D29: Horas reales
A30: Crear endpoint interno GET | B30: =COUNTIF('Mi estimación'!E:E,A30) -> 7 | C30: =SUMIFS('Mi estimación'!I:I,'Mi estimación'!E:E,A30) -> 0 | D30: =SUMIFS('Mi estimación'!R:R,'Mi estimación'!E:E,A30) -> 0
A31: Crear endpoint interno POST/PATCH | B31: =COUNTIF('Mi estimación'!E:E,A31) -> 2 | C31: =SUMIFS('Mi estimación'!I:I,'Mi estimación'!E:E,A31) -> 0 | D31: =SUMIFS('Mi estimación'!R:R,'Mi estimación'!E:E,A31) -> 0
A32: Reemplazar adapter SQL → HTTP | B32: =COUNTIF('Mi estimación'!E:E,A32) -> 5 | C32: =SUMIFS('Mi estimación'!I:I,'Mi estimación'!E:E,A32) -> 0 | D32: =SUMIFS('Mi estimación'!R:R,'Mi estimación'!E:E,A32) -> 0
A33: Crear esquema SQL independiente | B33: =COUNTIF('Mi estimación'!E:E,A33) -> 4 | C33: =SUMIFS('Mi estimación'!I:I,'Mi estimación'!E:E,A33) -> 0 | D33: =SUMIFS('Mi estimación'!R:R,'Mi estimación'!E:E,A33) -> 0
A34: Crear script de seed | B34: =COUNTIF('Mi estimación'!E:E,A34) -> 4 | C34: =SUMIFS('Mi estimación'!I:I,'Mi estimación'!E:E,A34) -> 0 | D34: =SUMIFS('Mi estimación'!R:R,'Mi estimación'!E:E,A34) -> 0
A35: Configurar nueva conexión BD | B35: =COUNTIF('Mi estimación'!E:E,A35) -> 4 | C35: =SUMIFS('Mi estimación'!I:I,'Mi estimación'!E:E,A35) -> 0 | D35: =SUMIFS('Mi estimación'!R:R,'Mi estimación'!E:E,A35) -> 0
A36: Configurar URLs servicios internos | B36: =COUNTIF('Mi estimación'!E:E,A36) -> 1 | C36: =SUMIFS('Mi estimación'!I:I,'Mi estimación'!E:E,A36) -> 0 | D36: =SUMIFS('Mi estimación'!R:R,'Mi estimación'!E:E,A36) -> 0
A37: Configurar InternalApiKeyFilter | B37: =COUNTIF('Mi estimación'!E:E,A37) -> 4 | C37: =SUMIFS('Mi estimación'!I:I,'Mi estimación'!E:E,A37) -> 0 | D37: =SUMIFS('Mi estimación'!R:R,'Mi estimación'!E:E,A37) -> 0
A38: Test unitario de dominio | B38: =COUNTIF('Mi estimación'!E:E,A38) -> 26 | C38: =SUMIFS('Mi estimación'!I:I,'Mi estimación'!E:E,A38) -> 0 | D38: =SUMIFS('Mi estimación'!R:R,'Mi estimación'!E:E,A38) -> 0
A39: Test de integración HTTP client | B39: =COUNTIF('Mi estimación'!E:E,A39) -> 11 | C39: =SUMIFS('Mi estimación'!I:I,'Mi estimación'!E:E,A39) -> 0 | D39: =SUMIFS('Mi estimación'!R:R,'Mi estimación'!E:E,A39) -> 0
A40: Test de endpoint interno | B40: =COUNTIF('Mi estimación'!E:E,A40) -> 17 | C40: =SUMIFS('Mi estimación'!I:I,'Mi estimación'!E:E,A40) -> 0 | D40: =SUMIFS('Mi estimación'!R:R,'Mi estimación'!E:E,A40) -> 0
A41: Test de contrato JSON | B41: =COUNTIF('Mi estimación'!E:E,A41) -> 3 | C41: =SUMIFS('Mi estimación'!I:I,'Mi estimación'!E:E,A41) -> 0 | D41: =SUMIFS('Mi estimación'!R:R,'Mi estimación'!E:E,A41) -> 0
